﻿<?xml version="1.0" encoding="utf-8"?>
<manifest identifier="_5zgbPNu4852_course_id" version="1.0" xmlns="http://www.imsproject.org/xsd/imscp_rootv1p1p2" xmlns:adlcp="http://www.adlnet.org/xsd/adlcp_rootv1p2" xmlns:xsi="http://www.w3.org/2001/XMLSchema-instance" xsi:schemaLocation="http://www.imsproject.org/xsd/imscp_rootv1p1p2 imscp_rootv1p1p2.xsd http://www.imsglobal.org/xsd/imsmd_rootv1p2p1 imsmd_rootv1p2p1.xsd http://www.adlnet.org/xsd/adlcp_rootv1p2 adlcp_rootv1p2.xsd">
  <metadata>
    <schema>ADL SCORM</schema>
    <schemaversion>1.2</schemaversion>
    <lom xmlns="http://www.imsglobal.org/xsd/imsmd_rootv1p2p1" xmlns:xsi="http://www.w3.org/2001/XMLSchema-instance" xsi:schemaLocation="http://www.imsglobal.org/xsd/imsmd_rootv1p2p1 imsmd_rootv1p2p1.xsd">
      <general>
        <title>
          <langstring xml:lang="x-none">PEMBATIK</langstring>
        </title>
        <description>
          <langstring xml:lang="x-none">Media Pembelajaran Interaktif Ekonomi ini dibuat untuk membantu guru dalam menyampaikan pesan-pesan atau materi pelajaran kepada siswanya, agar pesan lebih mudah dimengerti, lebih menarik dan lebih menyenangkan kepada siswa.</langstring>
        </description>
      </general>
      <lifecycle>
        <version>
          <langstring xml:lang="x-none">1</langstring>
        </version>
        <status>
          <source>
            <langstring xml:lang="x-none">LOMv1.0</langstring>
          </source>
          <value>
            <langstring xml:lang="x-none">Final</langstring>
          </value>
        </status>
      </lifecycle>
      <metametadata>
        <metadatascheme>ADL SCORM 1.2</metadatascheme>
      </metametadata>
      <educational>
        <typicallearningtime>
          <datetime>PT0H0M0S</datetime>
        </typicallearningtime>
      </educational>
      <rights>
        <cost>
          <source>
            <langstring xml:lang="x-none">LOMv1.0</langstring>
          </source>
          <value>
            <langstring xml:lang="x-none">yes</langstring>
          </value>
        </cost>
        <copyrightandotherrestrictions>
          <source>
            <langstring xml:lang="x-none">LOMv1.0</langstring>
          </source>
          <value>
            <langstring xml:lang="x-none">yes</langstring>
          </value>
        </copyrightandotherrestrictions>
      </rights>
    </lom>
  </metadata>
  <organizations default="PEMBATIK_ORG">
    <organization identifier="PEMBATIK_ORG">
      <title>PEMBATIK</title>
      <item identifier="JALALUDIN_-_MEDIA_PEMBELAJARAN_INTERAKTIF_EKONOMI_SCO" isvisible="true" identifierref="__5zgbPNu4852_course_id_RES">
        <title>PEMBATIK</title>
        <adlcp:masteryscore>80</adlcp:masteryscore>
      </item>
    </organization>
  </organizations>
  <resources>
    <resource identifier="__5zgbPNu4852_course_id_RES" type="webcontent" href="index_lms.html" adlcp:scormtype="sco">
      <file href="story_content/thumbnail.jpg" />
      <file href="story_content/video_65WAosQlmUP_22_48_1280x736.mp4" />
      <file href="mobile/poster_6UtQLqt5LyG_video_65WAosQlmUP_22_48_1280x736.jpg" />
      <file href="mobile/5uO73Gohc2r_X_80_DX2560_DY2560_CX1507_CY1068.jpg" />
      <file href="mobile/5cdbDFysVq7_80_DX464_DY464_CX348_CY116.png" />
      <file href="mobile/6kfsBXPP69d_80_DX1280_DY1280_CX886_CY108.png" />
      <file href="mobile/5uO73Gohc2r_X_80_DX2560_DY2560_CX1524_CY1080.jpg" />
      <file href="mobile/6ASHGa84egA_80_DX254_DY254_CX190_CY190.png" />
      <file href="mobile/5rFrLQfAfiY_80_DX112_DY112_CX84_CY84.png" />
      <file href="mobile/5qYPbVsNhNL_80_DX110_DY110_CX82_CY82.png" />
      <file href="mobile/5uO73Gohc2r_X_80_DX2560_DY2560_CX1541_CY1092.jpg" />
      <file href="mobile/6BBepuMT1PS_80_DX2070_DY2070_CX1552_CY1035.png" />
      <file href="mobile/5n1QYkHYXxO_80_DX232_DY232_CX173_CY130.png" />
      <file href="mobile/5W0porO0jfd_80_DX174_DY174_CX130_CY130.png" />
      <file href="story_content/video_5dcAjGNc3YQ_22_48_882x496.mp4" />
      <file href="mobile/poster_6fsU0DdFSjJ_video_5dcAjGNc3YQ_22_48_882x496.jpg" />
      <file href="mobile/5khXUf8dpLQ_80_DX154_DY154_CX77_CY62.jpg" />
      <file href="mobile/6O4ogrH5icq_80_DX154_DY154_CX77_CY71.jpg" />
      <file href="mobile/6DRXFQaG3ad_80_DX160_DY160_CX120_CY120.png" />
      <file href="mobile/6a1QUdtOKmz_80_DX1634_DY1634_CX324_CY216.png" />
      <file href="mobile/66660zhW8YU_80_DX1300_DY1300_CX650_CY330.jpg" />
      <file href="mobile/6Ar1i9TqB8J_80_DX426_DY426_CX220_CY319.jpg" />
      <file href="meta.xml" />
      <file href="story_content/user.js" />
      <file href="mobile/txt__default_6BBjb5oOdLD.png" />
      <file href="mobile/txt__default_5hw16hqAeTT.png" />
      <file href="mobile/txt__default_6hCuFgjCc6G.png" />
      <file href="mobile/txt__default_5XQNqR8Vvwc.png" />
      <file href="mobile/txt__default_6Bm2nQE8kOx.png" />
      <file href="html5/data/css/output.min.css" />
      <file href="html5/data/js/5al2eoXOWoK.js" />
      <file href="html5/data/js/5cVng0qTMV4.js" />
      <file href="html5/data/js/5dR9qxGh0x0.js" />
      <file href="html5/data/js/5fuvhyNorOt.js" />
      <file href="html5/data/js/5kWFADFDlyw.js" />
      <file href="html5/data/js/5nJd1Q5z1aL.js" />
      <file href="html5/data/js/5paEZtuP1x0.js" />
      <file href="html5/data/js/5pVg8Dn9WaH.js" />
      <file href="html5/data/js/5qpVxis9EIh.js" />
      <file href="html5/data/js/5sIVopm6HzB.js" />
      <file href="html5/data/js/5tn3yD1HwJp.js" />
      <file href="html5/data/js/5vvwvBduvjc.js" />
      <file href="html5/data/js/5VWWZukeFEP.js" />
      <file href="html5/data/js/5vYmqZJNuth.js" />
      <file href="html5/data/js/5Woa7utqpp8.js" />
      <file href="html5/data/js/5Wsg9qRNoIJ.js" />
      <file href="html5/data/js/5wvAog5PVb3.js" />
      <file href="html5/data/js/5xv3ViHyC72.js" />
      <file href="html5/data/js/5yDxUk810Ym.js" />
      <file href="html5/data/js/5yi6TkfNSLv.js" />
      <file href="html5/data/js/5yZ7LZjp86J.js" />
      <file href="html5/data/js/5ZblDVE7mBQ.js" />
      <file href="html5/data/js/5zh7NrWIJoz.js" />
      <file href="html5/data/js/62EJiKXFd5G.js" />
      <file href="html5/data/js/67h1FvDZ6KY.js" />
      <file href="html5/data/js/6AAmIoP8HUa.js" />
      <file href="html5/data/js/6aTMYZAJNOQ.js" />
      <file href="html5/data/js/6br802EbzNY.js" />
      <file href="html5/data/js/6Bu7aXrnx7R.js" />
      <file href="html5/data/js/6C741SQsy2t.js" />
      <file href="html5/data/js/6CcI8Hj5Dd4.js" />
      <file href="html5/data/js/6cIaVWlQmAn.js" />
      <file href="html5/data/js/6EMia3GSTzg.js" />
      <file href="html5/data/js/6gVn0pUrGKW.js" />
      <file href="html5/data/js/6Jm7QPImCD8.js" />
      <file href="html5/data/js/6LICwSMoMNS.js" />
      <file href="html5/data/js/6MiLklm2AnW.js" />
      <file href="html5/data/js/6nb8lVH71Ur.js" />
      <file href="html5/data/js/6nvHK9UeApU.js" />
      <file href="html5/data/js/6PPnMXADtsV.js" />
      <file href="html5/data/js/6r4fjixK8lU.js" />
      <file href="html5/data/js/6rcooG6vsCP.js" />
      <file href="html5/data/js/6RVI8h1rSgJ.js" />
      <file href="html5/data/js/6S5O9FgI4TX.js" />
      <file href="html5/data/js/6TmPiQ0xTfS.js" />
      <file href="html5/data/js/6VP9EiboI0i.js" />
      <file href="html5/data/js/6VXy2QYZ5ZC.js" />
      <file href="html5/data/js/6WheXhhp0gL.js" />
      <file href="html5/data/js/6WO27tCOqCF.js" />
      <file href="html5/data/js/6WQGA6cvjFm.js" />
      <file href="html5/data/js/6YKx1xAldWq.js" />
      <file href="html5/data/js/6YReNQCkkkm.js" />
      <file href="html5/data/js/data.js" />
      <file href="html5/data/js/frame.js" />
      <file href="html5/data/js/paths.js" />
      <file href="html5/lib/scripts/ds-bootstrap.min.js" />
      <file href="html5/lib/scripts/ds-frame.desktop.min.js" />
      <file href="html5/lib/scripts/ds-frame.mobile.min.js" />
      <file href="html5/lib/scripts/ds-slides.min.js" />
      <file href="html5/lib/stylesheets/desktop.min.css" />
      <file href="html5/lib/stylesheets/mobile.min.css" />
      <file href="html5/lib/stylesheets/mobile-fonts/open-sans-bold.woff" />
      <file href="html5/lib/stylesheets/mobile-fonts/open-sans-light.woff" />
      <file href="html5/lib/stylesheets/mobile-fonts/open-sans-regular.woff" />
      <file href="analytics-frame.html" />
      <file href="story.html" />
      <file href="index_lms.html" />
      <file href="lms/AICCComm.html" />
      <file href="lms/AICCFunctions.js" />
      <file href="lms/API.js" />
      <file href="lms/APIConstants.js" />
      <file href="lms/blank.html" />
      <file href="lms/browsersniff.js" />
      <file href="lms/Configuration.js" />
      <file href="lms/goodbye.html" />
      <file href="lms/lms.js" />
      <file href="lms/LMSAPI.js" />
      <file href="lms/NONEFunctions.js" />
      <file href="lms/SCORM2004Functions.js" />
      <file href="lms/SCORMFunctions.js" />
      <file href="lms/UtilityFunctions.js" />
    </resource>
  </resources>
</manifest>