﻿<?xml version="1.0" encoding="utf-8"?><meta xmlns:xsi="http://www.w3.org/2001/XMLSchema-instance" xmlns:xsd="http://www.w3.org/2001/XMLSchema"><project id="61dqlwfsD7w" courseid="5zgbPNu4852_course_id" thumburl="story_content/thumbnail.jpg" title="PEMBATIK" datepublished="2023-09-19T10:41:46" version="1.0.0.0" flashdata="story_content/data.swf" html5data="mobile/data.json" mobiledata="mobile/data.gz" enabledownload="false" duration="About 18 minutes" totalaudio="0" totalvideo="245734"><description>Media Pembelajaran Interaktif Ekonomi ini dibuat untuk membantu guru dalam menyampaikan pesan-pesan atau materi pelajaran kepada siswanya, agar pesan lebih mudah dimengerti, lebih menarik dan lebih menyenangkan kepada siswa.</description><keywords /><slidemeta moniker="slide" monikerplural="slides" viewslides="52" slidecountdescription="52 slides" /><author name="Windows User" email="" website="" /><application name="Articulate Storyline" version="3.10.22406.0" xmlversion="4.0" /></project></meta>